"Address","Content Type","Size (bytes)","IMG Inlinks","Indexability","Indexability Status","Dimensions"
"https://www.voiceoverguy.co.uk/assets/images/cartoons/Voiceover-Cartoon-Time-Stretching.webp","image/webp","102622","1","Indexable","",""
"https://www.voiceoverguy.co.uk/assets/images/movie-trailer-voice-og.webp","image/webp","102958","1","Indexable","",""
"https://www.voiceoverguy.co.uk/assets/images/cartoons/Voiceover-Cartoon-movie-trailer-voice.webp","image/webp","104538","1","Indexable","",""
"https://www.voiceoverguy.co.uk/assets/images/cartoons/Voiceover-Cartoon-Scary-VoicesIV.webp","image/webp","104678","1","Indexable","",""
"https://www.voiceoverguy.co.uk/assets/images/cartoons/Voiceover-Cartoon-In-Store-747x1024.webp","image/webp","104754","1","Indexable","",""
"https://www.voiceoverguy.co.uk/assets/images/voiceoverguy-home-commercial-voice.webp","image/webp","104936","1","Indexable","",""
"https://www.voiceoverguy.co.uk/assets/images/cartoons/Voiceover-Cartoon-DeEssing.webp","image/webp","106330","1","Indexable","",""
"https://www.voiceoverguy.co.uk/assets/images/voiceoverguy-home-character-voices.webp","image/webp","106668","1","Indexable","",""
"https://www.voiceoverguy.co.uk/assets/img/blog/character-voiceovers.jpg","image/jpeg","112370","7","Indexable","",""
"https://www.voiceoverguy.co.uk/assets/images/voiceoverguy-home-voice-of-santa.webp","image/webp","113936","1","Indexable","",""
"https://www.voiceoverguy.co.uk/assets/images/cartoons/Voiceover-Cartoon-Nov-5th.webp","image/webp","114308","1","Indexable","",""
"https://www.voiceoverguy.co.uk/assets/images/cartoons/Voiceover-Cartoon-Darth-Vader.webp","image/webp","114852","1","Indexable","",""
"https://www.voiceoverguy.co.uk/assets/images/cartoons/Voiceover-Cartoon-Santa-Calls.webp","image/webp","114922","1","Indexable","",""
"https://www.voiceoverguy.co.uk/assets/img/blog/attenborough-voice-og.jpg","image/jpeg","115541","4","Indexable","",""
"https://www.voiceoverguy.co.uk/assets/images/cartoons/Voiceover-Cartoon-Last-Minute-Job.webp","image/webp","117694","1","Indexable","",""
"https://www.voiceoverguy.co.uk/assets/images/cartoons/Voiceover-Cartoon-topping-tailing.webp","image/webp","117946","1","Indexable","",""
"https://www.voiceoverguy.co.uk/assets/images/cartoons/Voiceover-Cartoon-Too-Cheesey.webp","image/webp","119786","1","Indexable","",""
"https://www.voiceoverguy.co.uk/assets/images/cartoons/Voiceover-Cartoon-on-a-budget-747x1024.webp","image/webp","120398","1","Indexable","",""
"https://www.voiceoverguy.co.uk/assets/images/cartoons/Voiceover-Cartoon-Bad-Santa.webp","image/webp","120562","1","Indexable","",""
"https://www.voiceoverguy.co.uk/assets/images/gameshow-host-voice-og.webp","image/webp","122434","1","Indexable","",""
"https://www.voiceoverguy.co.uk/assets/images/cartoons/Voiceover-Cartoon-Phone-Patching.webp","image/webp","122578","1","Indexable","",""
"https://www.voiceoverguy.co.uk/assets/images/cartoons/Voiceover-Cartoon-Awards.webp","image/webp","123780","1","Indexable","",""
"https://www.voiceoverguy.co.uk/assets/images/cartoons/Voiceover-Cartoon-Scary-VoicesII.webp","image/webp","127382","1","Indexable","",""
"https://www.voiceoverguy.co.uk/assets/images/cartoons/Voiceover-Cartoon-Scary-Voices.webp","image/webp","127656","1","Indexable","",""
"https://www.voiceoverguy.co.uk/assets/images/attenborough-script-generator.webp","image/webp","137130","1","Indexable","",""
"https://www.voiceoverguy.co.uk/assets/images/voiceoverguy-character-voices.webp","image/webp","138160","1","Indexable","",""
"https://www.voiceoverguy.co.uk/assets/images/voiceover-studio-yorkshire.webp","image/webp","138324","1","Indexable","",""
"https://www.voiceoverguy.co.uk/assets/img/blog/mustard-car-van-insurance-radio-advert-voiceover.webp","image/webp","147508","6","Indexable","",""
"https://www.voiceoverguy.co.uk/assets/images/cartoons/Voiceover-Cartoon-Santa-Magic-747x1024.webp","image/webp","148128","1","Indexable","",""
"https://www.voiceoverguy.co.uk/assets/img/blog/motor-sport-racing-commentator-voice.webp","image/webp","157732","8","Indexable","",""
"https://www.voiceoverguy.co.uk/assets/images/imaging-voice-og.webp","image/webp","173226","1","Indexable","",""
"https://www.voiceoverguy.co.uk/assets/img/blog/santa-po-ferries-christmas-ad.webp","image/webp","210476","4","Indexable","",""
"https://www.voiceoverguy.co.uk/assets/img/blog/the-most-challenging-voiceover-job.webp","image/webp","448998","8","Indexable","",""
