"Address","Indexability","Indexability Status","Crawl Depth","Link Score","Inlinks","Unique Inlinks","Unique JS Inlinks","% of Total","Outlinks","Unique Outlinks","Unique JS Outlinks","External Outlinks","Unique External Outlinks","Unique External JS Outlinks"
"https://www.voiceoverguy.co.uk/","Indexable","","0","","1084","270","0","99.630","49","31","0","19","16","0"
"https://www.voiceoverguy.co.uk/movie-trailer-voice","Indexable","","1","","294","270","0","99.630","39","28","0","14","14","0"
"https://www.voiceoverguy.co.uk/attenborough-script-generator","Indexable","","1","","277","270","0","99.630","36","28","0","14","14","0"
"https://www.voiceoverguy.co.uk/privacy-policy","Indexable","","1","","270","270","0","99.630","35","28","0","14","14","0"
"https://www.voiceoverguy.co.uk/voiceoverguy","Indexable","","1","","273","270","0","99.630","58","36","0","15","14","0"
"https://www.voiceoverguy.co.uk/santa-voice","Indexable","","1","","581","270","0","99.630","45","32","0","23","21","0"
"https://www.voiceoverguy.co.uk/football-commentator-voice","Indexable","","1","","292","270","0","99.630","48","35","0","14","14","0"
"https://www.voiceoverguy.co.uk/halloween-voice","Indexable","","1","","289","270","0","99.630","45","34","0","16","15","0"
"https://www.voiceoverguy.co.uk/david-attenborough-voice","Indexable","","1","","312","270","0","99.630","50","34","0","14","14","0"
"https://www.voiceoverguy.co.uk/explainer-video-voice","Indexable","","1","","378","270","0","99.630","35","28","0","14","14","0"
"https://www.voiceoverguy.co.uk/santa-script-generator","Indexable","","1","","274","270","0","99.630","37","28","0","14","14","0"
"https://www.voiceoverguy.co.uk/gameshow-host","Indexable","","1","","275","270","0","99.630","34","28","0","14","14","0"
"https://www.voiceoverguy.co.uk/tv-choice-awards-voice-of-god-voiceover","Indexable","","1","","8","8","0","2.950","48","35","0","14","14","0"
"https://www.voiceoverguy.co.uk/voiceover-news","Indexable","","1","","517","270","0","99.630","203","197","0","14","14","0"
"https://www.voiceoverguy.co.uk/apple-voice-style","Indexable","","1","","289","270","0","99.630","40","31","0","14","14","0"
"https://www.voiceoverguy.co.uk/why-use-voiceoverguy","Indexable","","1","","6","6","0","2.210","55","33","0","14","14","0"
"https://www.voiceoverguy.co.uk/on-hold-voice","Indexable","","1","","273","270","0","99.630","35","28","0","14","14","0"
"https://www.voiceoverguy.co.uk/commercial-voiceover","Indexable","","1","","422","270","0","99.630","41","30","0","16","16","0"
"https://www.voiceoverguy.co.uk/pirate-voice","Indexable","","1","","277","270","0","99.630","42","33","0","14","14","0"
"https://www.voiceoverguy.co.uk/game-trailer-voice","Indexable","","1","","321","270","0","99.630","35","28","0","14","14","0"
"https://www.voiceoverguy.co.uk/faq","Indexable","","1","","542","270","0","99.630","40","28","0","14","14","0"
"https://www.voiceoverguy.co.uk/voiceover-studio-finder","Indexable","","1","","274","270","0","99.630","38","31","0","19","18","0"
"https://www.voiceoverguy.co.uk/narration-voice","Indexable","","1","","274","270","0","99.630","39","28","0","14","14","0"
"https://www.voiceoverguy.co.uk/arabella-harris-girl-child-voiceover-kid","Indexable","","1","","11","10","0","3.690","43","32","0","15","14","0"
"https://www.voiceoverguy.co.uk/voice-of-god","Indexable","","1","","286","270","0","99.630","43","35","0","16","16","0"
"https://www.voiceoverguy.co.uk/contact-guy","Indexable","","1","","665","270","0","99.630","34","28","0","16","16","0"
"https://www.voiceoverguy.co.uk/voiceover-cartoons","Indexable","","1","","273","270","0","99.630","42","29","0","15","15","0"
"https://www.voiceoverguy.co.uk/character-voiceover","Indexable","","1","","331","270","0","99.630","53","42","0","14","14","0"
"https://www.voiceoverguy.co.uk/voiceover-imaging","Indexable","","1","","273","270","0","99.630","35","28","0","15","15","0"
"https://www.voiceoverguy.co.uk/animation-voiceovers","Indexable","","2","","5","5","0","1.850","41","31","0","16","16","0"
"https://www.voiceoverguy.co.uk/seabrooks-in-for-a-penny-sponsor-voiceover","Indexable","","2","","6","6","0","2.210","40","33","0","14","14","0"
"https://www.voiceoverguy.co.uk/bbc-radio-2-voice-of-santa","Indexable","","2","","14","11","0","4.060","40","33","0","18","17","0"
"https://www.voiceoverguy.co.uk/masked-singer-voice-of-god-butlins","Indexable","","2","","7","7","0","2.580","42","34","0","15","15","0"
"https://www.voiceoverguy.co.uk/disney-store-marvel-voiceover","Indexable","","2","","9","8","0","2.950","43","35","0","14","14","0"
"https://www.voiceoverguy.co.uk/this-morning-spin-to-win-gameshow-voice","Indexable","","2","","12","12","0","4.430","46","36","0","15","15","0"
"https://www.voiceoverguy.co.uk/clash-of-clans-goblins-voiceover","Indexable","","2","","9","9","0","3.320","43","34","0","14","14","0"
"https://www.voiceoverguy.co.uk/thomas-the-tank-engine-voice-of-salty","Indexable","","2","","9","9","0","3.320","42","34","0","14","14","0"
"https://www.voiceoverguy.co.uk/the-official-voice-of-santa","Indexable","","2","","9","9","0","3.320","42","34","0","17","16","0"
"https://www.voiceoverguy.co.uk/poundland-self-service-till-santa-voice","Indexable","","2","","6","5","0","1.850","41","33","0","16","15","0"
"https://www.voiceoverguy.co.uk/qatar-drone-race-psg-voiceover","Indexable","","2","","9","9","0","3.320","45","35","0","14","14","0"
"https://www.voiceoverguy.co.uk/just-eat-uefa-football-commentator-voice","Indexable","","2","","16","13","0","4.800","51","36","0","14","14","0"
"https://www.voiceoverguy.co.uk/iboy-football-commentator","Indexable","","2","","12","11","0","4.060","48","38","0","14","14","0"
"https://www.voiceoverguy.co.uk/pizza-hut-delivery-football-commentator-voiceover","Indexable","","2","","13","13","0","4.800","46","34","0","14","14","0"
"https://www.voiceoverguy.co.uk/etisalat-celebrating-victory-football-commentator-voice","Indexable","","2","","8","8","0","2.950","50","39","0","15","15","0"
"https://www.voiceoverguy.co.uk/betfred-football-commentator","Indexable","","2","","11","11","0","4.060","48","35","0","14","14","0"
"https://www.voiceoverguy.co.uk/wilhelm-scream-shreek-shout-sfx-voiceover-film","Indexable","","2","","9","9","0","3.320","51","37","0","14","14","0"
"https://www.voiceoverguy.co.uk/manchester-city-football-commentry-voice","Indexable","","2","","16","14","0","5.170","50","36","0","14","14","0"
"https://www.voiceoverguy.co.uk/evil-character-voiceover","Indexable","","2","","12","10","0","3.690","48","36","0","14","14","0"
"https://www.voiceoverguy.co.uk/joker-voice","Indexable","","2","","12","10","0","3.690","50","40","0","14","14","0"
"https://www.voiceoverguy.co.uk/scary-movie-ghost-face-voice","Indexable","","2","","12","10","0","3.690","51","38","0","14","14","0"
"https://www.voiceoverguy.co.uk/spooky-halloween-laughs","Indexable","","2","","12","10","0","3.690","46","34","0","14","14","0"
"https://www.voiceoverguy.co.uk/horizon-zero-dawn-voice","Indexable","","2","","13","12","0","4.430","49","34","0","14","14","0"
"https://www.voiceoverguy.co.uk/cracking-ice-david-attenborough-impression","Indexable","","2","","10","10","0","3.690","44","33","0","14","14","0"
"https://www.voiceoverguy.co.uk/turkish-bird-attenborough-voice","Indexable","","2","","11","9","0","3.320","45","34","0","14","14","0"
"https://www.voiceoverguy.co.uk/natural-instincts-trailer-attenborough-voice","Indexable","","2","","4","4","0","1.480","53","35","0","14","14","0"
"https://www.voiceoverguy.co.uk/dracula-voiceover-for-halloween","Indexable","","2","","12","11","0","4.060","45","34","0","15","15","0"
"https://www.voiceoverguy.co.uk/ai-guy-human-vs-ai-voiceover","Indexable","","2","","7","7","0","2.580","40","33","0","14","14","0"
"https://www.voiceoverguy.co.uk/david-attenborough-impression","Indexable","","2","","6","6","0","2.210","44","33","0","15","15","0"
"https://www.voiceoverguy.co.uk/saturday-night-takeaway-voice","Indexable","","2","","8","8","0","2.950","44","33","0","14","14","0"
"https://www.voiceoverguy.co.uk/4-music-id-mobile-sponsor-bumpers-voice","Indexable","","2","","8","8","0","2.950","45","35","0","15","15","0"
"https://www.voiceoverguy.co.uk/salter-blender-pro","Indexable","","2","","4","4","0","1.480","40","31","0","15","15","0"
"https://www.voiceoverguy.co.uk/cake-guy-lego-minifigure-voice","Indexable","","2","","5","5","0","1.850","44","34","0","14","14","0"
"https://www.voiceoverguy.co.uk/gb-news-competition-voice","Indexable","","2","","10","9","0","3.320","45","37","0","14","14","0"
"https://www.voiceoverguy.co.uk/p-and-o-ferries-christmas-santa-voice","Indexable","","2","","5","5","0","1.850","43","33","0","14","14","0"
"https://www.voiceoverguy.co.uk/minecraft-handbook-voiceover","Indexable","","2","","8","8","0","2.950","45","36","0","14","14","0"
"https://www.voiceoverguy.co.uk/nakd-bars-mind-blown-professor-voice","Indexable","","2","","7","7","0","2.580","44","34","0","14","14","0"
"https://www.voiceoverguy.co.uk/motor-sport-racing-commentator-voice","Indexable","","2","","9","9","0","3.320","43","33","0","14","14","0"
"https://www.voiceoverguy.co.uk/mustard-car-van-insurance-radio-advert-voiceover","Indexable","","2","","7","7","0","2.580","46","34","0","15","15","0"
"https://www.voiceoverguy.co.uk/siegecraft-commander-trailer-voice","Indexable","","2","","12","12","0","4.430","41","33","0","15","15","0"
"https://www.voiceoverguy.co.uk/boom-beach-hammerman-hot-tub-voice","Indexable","","2","","9","8","0","2.950","42","34","0","14","14","0"
"https://www.voiceoverguy.co.uk/cartoon-voiceover-guide","Indexable","","2","","4","4","0","1.480","43","33","0","14","14","0"
"https://www.voiceoverguy.co.uk/alton-towers-scarefest-spooky-voice","Indexable","","2","","10","10","0","3.690","54","37","0","14","14","0"
"https://www.voiceoverguy.co.uk/hide-the-corpse-promo-voiceover","Indexable","","2","","8","8","0","2.950","44","36","0","16","16","0"
"https://www.voiceoverguy.co.uk/pantomime-dame-voice","Indexable","","2","","6","6","0","2.210","41","33","0","14","14","0"
"https://www.voiceoverguy.co.uk/falcon-alkoholfri-attenborough-voice","Indexable","","2","","5","5","0","1.850","44","35","0","15","15","0"
"https://www.voiceoverguy.co.uk/father-christmas-santa-voiceover","Indexable","","2","","5","5","0","1.850","43","34","0","17","15","0"
"https://www.voiceoverguy.co.uk/vernon-kay-ultra-ultra-marathon-challenge-uk-trailer-voice","Indexable","","2","","6","6","0","2.210","42","35","0","14","14","0"
"https://www.voiceoverguy.co.uk/gooey-louie-voiceover","Indexable","","2","","9","9","0","3.320","48","37","0","15","15","0"
"https://www.voiceoverguy.co.uk/poundland-yoda-voice","Indexable","","2","","8","8","0","2.950","45","34","0","15","15","0"
"https://www.voiceoverguy.co.uk/thomas-friends-voiceover","Indexable","","2","","6","6","0","2.210","42","35","0","15","14","0"
"https://www.voiceoverguy.co.uk/kings-road-voiceover","Indexable","","2","","7","7","0","2.580","47","36","0","14","14","0"
"https://www.voiceoverguy.co.uk/vodafone-natural-voiceover","Indexable","","2","","7","7","0","2.580","42","33","0","14","14","0"
"https://www.voiceoverguy.co.uk/wirecard-male-voice-over","Indexable","","2","","7","7","0","2.580","44","33","0","15","15","0"
"https://www.voiceoverguy.co.uk/go-to-malta-explainer-voice","Indexable","","2","","7","7","0","2.580","45","33","0","15","15","0"
"https://www.voiceoverguy.co.uk/war-friends-army-voice","Indexable","","2","","7","7","0","2.580","45","36","0","15","15","0"
"https://www.voiceoverguy.co.uk/traxart-explainer-voiceover","Indexable","","2","","8","8","0","2.950","47","35","0","14","14","0"
"https://www.voiceoverguy.co.uk/dpd-predict-voice","Indexable","","2","","5","5","0","1.850","44","35","0","15","15","0"
"https://www.voiceoverguy.co.uk/seat-hidden-heroes-adrian","Indexable","","2","","10","10","0","3.690","44","34","0","14","14","0"
"https://www.voiceoverguy.co.uk/cloud-voiceover","Indexable","","2","","6","6","0","2.210","44","33","0","14","14","0"
"https://www.voiceoverguy.co.uk/pig-goes-pop-voiceover","Indexable","","2","","9","9","0","3.320","46","35","0","15","15","0"
"https://www.voiceoverguy.co.uk/hill-climb-racing-2-voiceover","Indexable","","2","","9","9","0","3.320","42","33","0","16","16","0"
"https://www.voiceoverguy.co.uk/voice-of-cheese-worm-in-worms-games","Indexable","","2","","6","6","0","2.210","44","34","0","14","14","0"
"https://www.voiceoverguy.co.uk/minecraft-combat-voiceover","Indexable","","2","","9","8","0","2.950","45","36","0","15","15","0"
"https://www.voiceoverguy.co.uk/voiceover-character","Indexable","","2","","5","5","0","1.850","44","35","0","16","16","0"
"https://www.voiceoverguy.co.uk/tips-for-becoming-a-voiceover-actor-navigating-ai-challenges","Indexable","","2","","8","8","0","2.950","41","33","0","14","14","0"
"https://www.voiceoverguy.co.uk/seat-hidden-heroes","Indexable","","2","","5","5","0","1.850","43","34","0","14","14","0"
"https://www.voiceoverguy.co.uk/radiator-warehouse-rock-star-voiceover","Indexable","","2","","5","5","0","1.850","42","33","0","14","14","0"
"https://www.voiceoverguy.co.uk/vintage-cash-cow-voiceover","Indexable","","2","","7","7","0","2.580","43","33","0","14","14","0"
"https://www.voiceoverguy.co.uk/patrick-stewart-money-supermartket-voice","Indexable","","2","","14","13","0","4.800","45","37","0","14","14","0"
"https://www.voiceoverguy.co.uk/13-dead-end-drive-voiceover","Indexable","","2","","5","5","0","1.850","41","33","0","14","14","0"
"https://www.voiceoverguy.co.uk/british-aqua-feeds-christmas-advert-patrick-stewart-voice","Indexable","","2","","4","4","0","1.480","47","35","0","14","14","0"
"https://www.voiceoverguy.co.uk/nuby-commentator-voice","Indexable","","2","","5","5","0","1.850","43","36","0","15","15","0"
"https://www.voiceoverguy.co.uk/compare-my-wedding-voice","Indexable","","2","","6","6","0","2.210","40","33","0","16","16","0"
"https://www.voiceoverguy.co.uk/micropolitics-under-14-handball-team","Indexable","","2","","7","6","0","2.210","44","33","0","16","16","0"
"https://www.voiceoverguy.co.uk/playmobil-pirate-voice","Indexable","","2","","15","14","0","5.170","44","35","0","14","14","0"
"https://www.voiceoverguy.co.uk/phoenixpb-explainer-video-voice","Indexable","","2","","4","4","0","1.480","43","34","0","14","14","0"
"https://www.voiceoverguy.co.uk/character-voices-showreel","Indexable","","2","","4","4","0","1.480","45","34","0","14","14","0"
"https://www.voiceoverguy.co.uk/on-air-chat-with-santa","Indexable","","2","","7","7","0","2.580","42","34","0","18","16","0"
"https://www.voiceoverguy.co.uk/logo-board-game-hovis-and-sailor-voice","Indexable","","2","","9","9","0","3.320","47","36","0","16","16","0"
"https://www.voiceoverguy.co.uk/batelco-wifi-voice","Indexable","","2","","12","12","0","4.430","44","34","0","16","16","0"
"https://www.voiceoverguy.co.uk/good-game-empire-trailer-voice","Indexable","","2","","9","9","0","3.320","44","35","0","15","15","0"
"https://www.voiceoverguy.co.uk/craig-cash-gogglebox-voiceover","Indexable","","2","","5","5","0","1.850","42","33","0","14","14","0"
"https://www.voiceoverguy.co.uk/voice-coaching-by-richard-di-britannia","Indexable","","2","","6","6","0","2.210","41","33","0","14","14","0"
"https://www.voiceoverguy.co.uk/lumote-mastermote-chronicles-voiceover","Indexable","","2","","7","7","0","2.580","44","34","0","15","15","0"
"https://www.voiceoverguy.co.uk/sick-bricks-advert-voiceover","Indexable","","2","","5","5","0","1.850","44","35","0","14","14","0"
"https://www.voiceoverguy.co.uk/save-water","Indexable","","2","","9","8","0","2.950","42","33","0","14","14","0"
"https://www.voiceoverguy.co.uk/bugs-in-kitchen-voice","Indexable","","2","","11","11","0","4.060","45","34","0","14","14","0"
"https://www.voiceoverguy.co.uk/turtle-strike-voiceover","Indexable","","2","","6","6","0","2.210","46","35","0","14","14","0"
"https://www.voiceoverguy.co.uk/english-voiceover","Indexable","","2","","4","4","0","1.480","49","36","0","14","14","0"
"https://www.voiceoverguy.co.uk/le-becks-natual-voiceover","Indexable","","2","","6","6","0","2.210","46","33","0","14","14","0"
"https://www.voiceoverguy.co.uk/samsung-national-radio-commercial","Indexable","","2","","6","6","0","2.210","40","33","0","14","14","0"
"https://www.voiceoverguy.co.uk/halloween-voiceover","Indexable","","2","","8","8","0","2.950","41","33","0","14","14","0"
"https://www.voiceoverguy.co.uk/wren-kitchens-voiceover","Indexable","","2","","4","4","0","1.480","43","34","0","14","14","0"
"https://www.voiceoverguy.co.uk/top-5-films-that-use-voice-over-narration-perfectly","Indexable","","2","","3","3","0","1.110","41","33","0","14","14","0"
"https://www.voiceoverguy.co.uk/famous-voiceover-artists","Indexable","","2","","6","6","0","2.210","44","34","0","15","15","0"
"https://www.voiceoverguy.co.uk/minecraft-backpack-patrick-stewart-style-voiceover","Indexable","","2","","14","14","0","5.170","48","39","0","14","14","0"
"https://www.voiceoverguy.co.uk/nfl-cbs-sports-king-henry-voice-patrick-stewart","Indexable","","2","","11","11","0","4.060","45","34","0","16","16","0"
"https://www.voiceoverguy.co.uk/turkcell-red-riding-hood-film-voiceover","Indexable","","2","","5","5","0","1.850","46","34","0","14","14","0"
"https://www.voiceoverguy.co.uk/boom-beach-hammerman-voice","Indexable","","2","","11","11","0","4.060","50","36","0","15","15","0"
"https://www.voiceoverguy.co.uk/professional-voice-over-vs-cheaper-alternative-voiceover","Indexable","","2","","6","6","0","2.210","40","33","0","14","14","0"
"https://www.voiceoverguy.co.uk/g-fuel-golden-apple-pear","Indexable","","2","","7","7","0","2.580","45","33","0","16","16","0"
"https://www.voiceoverguy.co.uk/little-monster-media-movie-voice","Indexable","","2","","6","6","0","2.210","45","34","0","16","16","0"
"https://www.voiceoverguy.co.uk/voice-of-santa-guy-harris","Indexable","","2","","6","6","0","2.210","41","33","0","20","19","0"
"https://www.voiceoverguy.co.uk/articulate-game-voiceover","Indexable","","2","","7","6","0","2.210","44","35","0","15","15","0"
"https://www.voiceoverguy.co.uk/apple-voiceover","Indexable","","2","","6","6","0","2.210","48","36","0","14","14","0"
"https://www.voiceoverguy.co.uk/horlicks-promo-voice","Indexable","","2","","9","9","0","3.320","43","33","0","16","16","0"
"https://www.voiceoverguy.co.uk/ninja-warrior-uk-fitbit-sponsor-bumpers","Indexable","","2","","6","6","0","2.210","41","33","0","15","15","0"
"https://www.voiceoverguy.co.uk/character-voices-song","Indexable","","2","","3","3","0","1.110","44","33","0","14","14","0"
"https://www.voiceoverguy.co.uk/snickers-football-commentator-voice","Indexable","","2","","8","8","0","2.950","46","35","0","14","14","0"
"https://www.voiceoverguy.co.uk/human-voice-over-vs-ai","Indexable","","2","","5","5","0","1.850","40","32","0","14","14","0"
"https://www.voiceoverguy.co.uk/turkish-airlines-football-commentator-voiceover","Indexable","","2","","8","8","0","2.950","47","35","0","15","15","0"
"https://www.voiceoverguy.co.uk/bank-sohar-explainer-voiceover","Indexable","","2","","6","6","0","2.210","44","33","0","14","14","0"
"https://www.voiceoverguy.co.uk/renton-trainspotting-choose-life-voiceover","Indexable","","2","","6","5","0","1.850","41","33","0","14","14","0"
"https://www.voiceoverguy.co.uk/bbk-travel-insurance-voiceover","Indexable","","2","","7","7","0","2.580","43","33","0","15","15","0"
"https://www.voiceoverguy.co.uk/vegan-film-voiceover","Indexable","","2","","8","8","0","2.950","42","32","0","14","14","0"
"https://www.voiceoverguy.co.uk/kelloggs-origins-voiceover","Indexable","","2","","4","4","0","1.480","43","33","0","14","14","0"
"https://www.voiceoverguy.co.uk/a-team-voice","Indexable","","2","","8","8","0","2.950","45","35","0","15","15","0"
"https://www.voiceoverguy.co.uk/ideal-heating-soft-male-voice","Indexable","","2","","5","5","0","1.850","45","35","0","14","14","0"
"https://www.voiceoverguy.co.uk/123-casinos-voiceover","Indexable","","2","","3","3","0","1.110","43","33","0","15","15","0"
"https://www.voiceoverguy.co.uk/micropolitics-suzys-beauty-salon","Indexable","","2","","12","11","0","4.060","43","33","0","15","15","0"
"https://www.voiceoverguy.co.uk/judgment-apocalypse-survival-voice","Indexable","","2","","7","7","0","2.580","48","35","0","15","15","0"
"https://www.voiceoverguy.co.uk/european-collaboration-summit-patrick-stewart-voiceover","Indexable","","2","","10","9","0","3.320","47","37","0","15","15","0"
"https://www.voiceoverguy.co.uk/microsoft-cloud-explainer-video","Indexable","","2","","7","7","0","2.580","42","33","0","14","14","0"
"https://www.voiceoverguy.co.uk/what-is-explainer-video-voiceover","Indexable","","2","","9","9","0","3.320","42","32","0","14","14","0"
"https://www.voiceoverguy.co.uk/the-perfect-recording-studio-set-up","Indexable","","2","","6","6","0","2.210","40","33","0","14","14","0"
"https://www.voiceoverguy.co.uk/govind-trailer-deep-male-voice","Indexable","","2","","7","7","0","2.580","44","33","0","14","14","0"
"https://www.voiceoverguy.co.uk/which-recording-studio-software-is-best","Indexable","","2","","9","9","0","3.320","41","33","0","14","14","0"
"https://www.voiceoverguy.co.uk/champion-eleven-football-commentator-voice","Indexable","","2","","9","9","0","3.320","49","35","0","14","14","0"
"https://www.voiceoverguy.co.uk/on-the-tools-attenborough","Indexable","","2","","5","5","0","1.850","44","33","0","14","14","0"
"https://www.voiceoverguy.co.uk/european-collaboration-summit-tickets-voiceover","Indexable","","2","","8","8","0","2.950","44","34","0","14","14","0"
"https://www.voiceoverguy.co.uk/michelin-cross-climate-voiceover","Indexable","","2","","12","12","0","4.430","43","33","0","15","15","0"
"https://www.voiceoverguy.co.uk/morrisons-wonky-in-store-voiceovers","Indexable","","2","","7","7","0","2.580","43","33","0","15","15","0"
"https://www.voiceoverguy.co.uk/the-most-challenging-voiceover-job","Indexable","","2","","9","9","0","3.320","42","34","0","15","15","0"
"https://www.voiceoverguy.co.uk/faze-rug-chug-rug-g-fuel","Indexable","","2","","4","4","0","1.480","45","34","0","15","15","0"
"https://www.voiceoverguy.co.uk/boov-pop-game-trailer","Indexable","","2","","8","8","0","2.950","44","34","0","15","15","0"
"https://www.voiceoverguy.co.uk/virtual-voiceover-studio-online","Indexable","","2","","6","6","0","2.210","40","33","0","16","16","0"
"https://www.voiceoverguy.co.uk/fifa-22-goat-foat-sheffield-fc-promo-voice","Indexable","","2","","6","6","0","2.210","44","33","0","15","15","0"
"https://www.voiceoverguy.co.uk/shooting-business-voice","Indexable","","2","","8","8","0","2.950","43","34","0","14","14","0"
"https://www.voiceoverguy.co.uk/crowd-hub-x-explainer-video-voiceover","Indexable","","2","","14","14","0","5.170","43","33","0","14","14","0"
"https://www.voiceoverguy.co.uk/voice-of-venom","Indexable","","2","","7","7","0","2.580","41","33","0","14","14","0"
"https://www.voiceoverguy.co.uk/hotels-dot-com-what-else-could-go-wrong-voiceover","Indexable","","2","","10","10","0","3.690","45","34","0","14","14","0"
"https://www.voiceoverguy.co.uk/star-wars-character-voices","Indexable","","2","","9","9","0","3.320","42","33","0","15","15","0"
"https://www.voiceoverguy.co.uk/britains-got-talent-competition-voice","Indexable","","2","","8","7","0","2.580","41","34","0","15","15","0"
"https://www.voiceoverguy.co.uk/ford-trucks-international-a-million-thanks","Indexable","","2","","7","7","0","2.580","44","34","0","14","14","0"
"https://www.voiceoverguy.co.uk/dead-daises-promo-voice","Indexable","","2","","8","8","0","2.950","41","33","0","16","16","0"
"https://www.voiceoverguy.co.uk/pathe-news-jack-fm","Indexable","","2","","8","8","0","2.950","44","33","0","15","14","0"
"https://www.voiceoverguy.co.uk/walkers-crisps-spell-go","Indexable","","2","","5","5","0","1.850","43","34","0","14","14","0"
"https://www.voiceoverguy.co.uk/cbbc-pirate-week-voice","Indexable","","2","","11","10","0","3.690","43","34","0","16","16","0"
"https://www.voiceoverguy.co.uk/my-dpd-explainer-voice-over","Indexable","","2","","7","7","0","2.580","46","35","0","16","16","0"
"https://www.voiceoverguy.co.uk/voiceover-vox-award-winner-2018","Indexable","","2","","7","7","0","2.580","47","35","0","14","14","0"
"https://www.voiceoverguy.co.uk/opel-the-future-is-everyones","Indexable","","2","","7","7","0","2.580","44","33","0","15","15","0"
"https://www.voiceoverguy.co.uk/voiceover-services-uk","Indexable","","2","","10","9","0","3.320","49","33","0","14","14","0"
"https://www.voiceoverguy.co.uk/christmas-party-fireworks-santa-voice","Indexable","","2","","7","7","0","2.580","46","34","0","16","16","0"
"https://www.voiceoverguy.co.uk/barclaycard-fraud-fighter-tool-voiceover","Indexable","","2","","8","8","0","2.950","44","36","0","14","14","0"
"https://www.voiceoverguy.co.uk/warwings-game-trailer-voice","Indexable","","2","","15","15","0","5.540","45","33","0","14","14","0"
"https://www.voiceoverguy.co.uk/bmoji-app-voiceover","Indexable","","2","","4","4","0","1.480","46","35","0","14","14","0"
"https://www.voiceoverguy.co.uk/beccas-bunce-voice-of-ringo","Indexable","","2","","4","4","0","1.480","43","34","0","14","14","0"
"https://www.voiceoverguy.co.uk/psycho-circus-scary-evil-voice","Indexable","","2","","7","7","0","2.580","45","34","0","15","15","0"
"https://www.voiceoverguy.co.uk/thomas-the-tank-engine-voice-of-winston","Indexable","","2","","9","9","0","3.320","42","34","0","14","14","0"
"https://www.voiceoverguy.co.uk/wooky-hole-caves-quirky-voice","Indexable","","2","","4","4","0","1.480","44","34","0","15","15","0"
"https://www.voiceoverguy.co.uk/because-i-see-voiceover","Indexable","","2","","8","8","0","2.950","44","33","0","15","15","0"
"https://www.voiceoverguy.co.uk/penarium-game-trailer-voice","Indexable","","2","","11","11","0","4.060","44","35","0","14","14","0"
"https://www.voiceoverguy.co.uk/rakbank-voiceover","Indexable","","2","","6","6","0","2.210","43","33","0","14","14","0"
"https://www.voiceoverguy.co.uk/breda-university-of-applied-sciences-voice","Indexable","","2","","4","4","0","1.480","43","33","0","15","15","0"
"https://www.voiceoverguy.co.uk/unesco-water-voiceover","Indexable","","2","","7","7","0","2.580","45","35","0","14","14","0"
"https://www.voiceoverguy.co.uk/doggie-doo-voice-over","Indexable","","2","","11","10","0","3.690","44","35","0","14","14","0"
"https://www.voiceoverguy.co.uk/big-super-hero-voiceover","Indexable","","2","","4","4","0","1.480","43","33","0","14","14","0"
"https://www.voiceoverguy.co.uk/reset-app-voice","Indexable","","2","","5","5","0","1.850","44","33","0","14","14","0"
"https://www.voiceoverguy.co.uk/pirate-voiceover","Indexable","","2","","6","6","0","2.210","44","34","0","14","14","0"
"https://www.voiceoverguy.co.uk/pop-up-pirate-voiceover","Indexable","","2","","12","12","0","4.430","43","33","0","14","14","0"
"https://www.voiceoverguy.co.uk/lego-minifigures-pirate","Indexable","","2","","6","6","0","2.210","42","34","0","15","15","0"
"https://www.voiceoverguy.co.uk/guide-to-regional-english-accents","Indexable","","2","","5","5","0","1.850","39","31","0","16","16","0"
"https://www.voiceoverguy.co.uk/yorkshire-podcast-studio","Indexable","","2","","4","4","0","1.480","41","31","0","14","14","0"
"https://www.voiceoverguy.co.uk/super-hero-voice","Indexable","","2","","3","3","0","1.110","42","33","0","14","14","0"
"https://www.voiceoverguy.co.uk/sage-one-payroll-voiceover","Indexable","","3","","4","4","0","1.480","41","31","0","14","14","0"
"https://www.voiceoverguy.co.uk/best-male-voiceover","Indexable","","3","","2","2","0","0.740","41","31","0","15","15","0"
"https://www.voiceoverguy.co.uk/zalando-voiceover","Indexable","","3","","1","1","0","0.370","40","31","0","14","14","0"
"https://www.voiceoverguy.co.uk/the-escapists-game-trailer","Indexable","","3","","9","9","0","3.320","44","34","0","14","14","0"
"https://www.voiceoverguy.co.uk/marvel-spiderman-voiceover","Indexable","","3","","6","6","0","2.210","44","33","0","14","14","0"
"https://www.voiceoverguy.co.uk/marvel-superheroes-voiceover","Indexable","","3","","7","7","0","2.580","41","33","0","14","14","0"
"https://www.voiceoverguy.co.uk/voice-over-videos-animals","Indexable","","3","","3","3","0","1.110","41","31","0","14","14","0"
"https://www.voiceoverguy.co.uk/fruitella-voiceover","Indexable","","3","","4","4","0","1.480","42","33","0","16","16","0"
"https://www.voiceoverguy.co.uk/change-challenge-gameshow-voice","Indexable","","3","","2","2","0","0.740","40","31","0","14","14","0"
"https://www.voiceoverguy.co.uk/northern-gas-advert","Indexable","","3","","4","4","0","1.480","40","31","0","14","14","0"
"https://www.voiceoverguy.co.uk/air-malta-voiceover","Indexable","","3","","4","4","0","1.480","42","32","0","14","14","0"
"https://www.voiceoverguy.co.uk/rise-project-explainer-video-voiceover","Indexable","","3","","7","7","0","2.580","39","31","0","14","14","0"
"https://www.voiceoverguy.co.uk/gibtelecom-voiceover","Indexable","","3","","4","4","0","1.480","42","33","0","14","14","0"
"https://www.voiceoverguy.co.uk/virgin-holidays-voice","Indexable","","3","","4","4","0","1.480","39","31","0","14","14","0"
"https://www.voiceoverguy.co.uk/home-composting-explainer-voice","Indexable","","3","","5","5","0","1.850","40","31","0","15","15","0"
"https://www.voiceoverguy.co.uk/domino-express-voice-over","Indexable","","3","","5","5","0","1.850","43","33","0","14","14","0"
"https://www.voiceoverguy.co.uk/storro-secure-cloud-explainer-video-voiceover","Indexable","","3","","5","5","0","1.850","43","34","0","15","15","0"
"https://www.voiceoverguy.co.uk/homepage-showreel-voiceover","Indexable","","3","","3","3","0","1.110","41","32","0","14","14","0"
"https://www.voiceoverguy.co.uk/european-collaboration-summit-patrick-stewart-voice","Indexable","","3","","4","4","0","1.480","43","34","0","15","15","0"
"https://www.voiceoverguy.co.uk/ai","Indexable","","3","","3","3","0","1.110","38","31","0","14","14","0"
"https://www.voiceoverguy.co.uk/sage-one-accounting","Indexable","","3","","2","2","0","0.740","42","33","0","14","14","0"
"https://www.voiceoverguy.co.uk/eze-group-explainer-voice","Indexable","","3","","6","6","0","2.210","39","31","0","15","15","0"
"https://www.voiceoverguy.co.uk/five-tips-to-improve-your-radio-voice","Indexable","","3","","1","1","0","0.370","39","31","0","14","14","0"
"https://www.voiceoverguy.co.uk/why-use-a-voiceover","Indexable","","3","","2","2","0","0.740","42","32","0","14","14","0"
"https://www.voiceoverguy.co.uk/mmx-hill-climb-trailer-voiceover","Indexable","","3","","4","4","0","1.480","41","31","0","15","15","0"
"https://www.voiceoverguy.co.uk/guide-to-becoming-a-voiceover-artist","Indexable","","3","","2","2","0","0.740","44","31","0","14","14","0"
"https://www.voiceoverguy.co.uk/spiderman-car-voiceover","Indexable","","3","","5","5","0","1.850","43","33","0","15","15","0"
"https://www.voiceoverguy.co.uk/dapper-dan-voiceover","Indexable","","3","","2","2","0","0.740","39","31","0","15","15","0"
"https://www.voiceoverguy.co.uk/vegetarian-society","Indexable","","3","","5","5","0","1.850","41","32","0","14","14","0"
"https://www.voiceoverguy.co.uk/girafun-voiceover","Indexable","","3","","4","4","0","1.480","41","33","0","14","14","0"
"https://www.voiceoverguy.co.uk/viva-bahrain-voiceover","Indexable","","3","","4","4","0","1.480","40","31","0","15","15","0"
"https://www.voiceoverguy.co.uk/penarium-opening-credits","Indexable","","3","","2","2","0","0.740","39","31","0","17","17","0"
"https://www.voiceoverguy.co.uk/welsh-accent-voiceover","Indexable","","3","","4","4","0","1.480","38","31","0","14","14","0"
"https://www.voiceoverguy.co.uk/euroseal-windows-tv-advert","Indexable","","3","","3","3","0","1.110","41","31","0","14","14","0"
"https://www.voiceoverguy.co.uk/cities-talking-explainer-voiceover","Indexable","","3","","3","3","0","1.110","42","33","0","14","14","0"
"https://www.voiceoverguy.co.uk/michael-caine-voiceover","Indexable","","3","","3","3","0","1.110","43","33","0","14","14","0"
"https://www.voiceoverguy.co.uk/land-of-eyas-voiceover","Indexable","","3","","3","3","0","1.110","41","33","0","15","15","0"
"https://www.voiceoverguy.co.uk/rac-car-passport-voiceover","Indexable","","3","","4","4","0","1.480","41","31","0","15","15","0"
"https://www.voiceoverguy.co.uk/macc-lads-documentary-voice","Indexable","","3","","4","4","0","1.480","40","31","0","15","15","0"
"https://www.voiceoverguy.co.uk/find-locksmith-app-voiceover","Indexable","","3","","2","2","0","0.740","41","32","0","14","14","0"
"https://www.voiceoverguy.co.uk/questions-about-voiceover-agencies","Indexable","","3","","2","2","0","0.740","40","31","0","14","14","0"
"https://www.voiceoverguy.co.uk/renault-uk-service","Indexable","","3","","5","5","0","1.850","40","31","0","15","15","0"
"https://www.voiceoverguy.co.uk/dragon-city-voiceover","Indexable","","3","","3","3","0","1.110","43","33","0","15","15","0"
"https://www.voiceoverguy.co.uk/world-of-warships-tutorial-voice","Indexable","","3","","3","3","0","1.110","41","31","0","16","16","0"
"https://www.voiceoverguy.co.uk/draw-slasher-voice","Indexable","","3","","2","2","0","0.740","41","32","0","14","14","0"
"https://www.voiceoverguy.co.uk/this-war-of-mine-trailer-voiceover","Indexable","","3","","5","5","0","1.850","41","31","0","15","15","0"
"https://www.voiceoverguy.co.uk/vadda-mera-govind-patrick-stewart-narrator-voiceover","Indexable","","3","","2","2","0","0.740","42","32","0","15","15","0"
"https://www.voiceoverguy.co.uk/viva-cinema-voiceover","Indexable","","3","","2","2","0","0.740","41","33","0","14","14","0"
"https://www.voiceoverguy.co.uk/lifeless-game-trailer-voice","Indexable","","3","","9","9","0","3.320","41","31","0","14","14","0"
"https://www.voiceoverguy.co.uk/robocide-game-trailer-voice","Indexable","","3","","7","7","0","2.580","42","33","0","14","14","0"
"https://www.voiceoverguy.co.uk/dead-daises-album-promo","Indexable","","3","","5","5","0","1.850","40","31","0","15","15","0"
"https://www.voiceoverguy.co.uk/guide-to-a-northern-irish-accent","Indexable","","3","","3","3","0","1.110","44","33","0","14","14","0"
"https://www.voiceoverguy.co.uk/farm-heroes-saga-voiceover","Indexable","","3","","5","5","0","1.850","42","33","0","15","15","0"
"https://www.voiceoverguy.co.uk/silly-moo-voiceover","Indexable","","3","","5","5","0","1.850","41","33","0","14","14","0"
"https://www.voiceoverguy.co.uk/winterstate-trailer-voice","Indexable","","3","","3","3","0","1.110","42","33","0","14","14","0"
"https://www.voiceoverguy.co.uk/ariel-pods-voiceover","Indexable","","3","","2","2","0","0.740","44","34","0","14","14","0"
"https://www.voiceoverguy.co.uk/greedy-granny-tv-commercial","Indexable","","3","","5","5","0","1.850","40","32","0","15","15","0"
"https://www.voiceoverguy.co.uk/worms-wmd-character-voices","Indexable","","3","","16","15","0","5.540","41","32","0","14","14","0"
"https://www.voiceoverguy.co.uk/my-corporate-video-voice","Indexable","","3","","3","3","0","1.110","41","31","0","14","14","0"
"https://www.voiceoverguy.co.uk/pathe-news-voiceover","Indexable","","3","","4","4","0","1.480","42","32","0","14","14","0"
"https://www.voiceoverguy.co.uk/xs-poker-voice","Indexable","","4","","2","2","0","0.740","41","32","0","14","14","0"
"https://www.voiceoverguy.co.uk/how-to-do-cartoon-voiceover","Indexable","","4","","1","1","0","0.370","41","32","0","14","14","0"
"https://www.voiceoverguy.co.uk/tv-smiles-voice","Indexable","","4","","1","1","0","0.370","42","34","0","14","14","0"
"https://www.voiceoverguy.co.uk/tente-explainer-voiceover","Indexable","","5","","1","1","0","0.370","42","33","0","15","15","0"
"https://www.voiceoverguy.co.uk/voiceover-studio","Indexable","","1","","288","270","0","99.630","38","29","0","30","28","0"
"https://www.voiceoverguy.co.uk/pathe-news-voice","Indexable","","1","","279","270","0","99.630","36","29","0","17","16","0"
