"Address","Occurrences","Title 1","Title 1 Length","Title 1 Pixel Width","Indexability","Indexability Status"
"https://www.voiceoverguy.co.uk/why-use-voiceoverguy","1","Why Use VoiceoverGuy? | Trusted UK Voiceover Since 2000 | VoiceoverGuy","70","664","Indexable",""
"https://www.voiceoverguy.co.uk/voiceover-studio-finder","1","Voiceover Studio Finder - Hire or Be Hired - List yours Free | VoiceoverGuy","75","654","Indexable",""
"https://www.voiceoverguy.co.uk/arabella-harris-girl-child-voiceover-kid","1","Arabella Harris – British Girl Child Voiceover Artist | VoiceoverGuy","68","585","Indexable",""
"https://www.voiceoverguy.co.uk/seabrooks-in-for-a-penny-sponsor-voiceover","1","Seabrooks Sponsor Voice – In for a Penny Promo | VoiceoverGuy","61","575","Indexable",""
"https://www.voiceoverguy.co.uk/bbc-radio-2-voice-of-santa","1","BBC Radio 2’s Voice of Santa – Guy Harris Festive VO Work | VoiceoverGuy","72","664","Indexable",""
"https://www.voiceoverguy.co.uk/masked-singer-voice-of-god-butlins","1","Voice of God for Butlins - The Masked Singer Live Show | VoiceoverGuy","69","631","Indexable",""
"https://www.voiceoverguy.co.uk/disney-store-marvel-voiceover","1","Disney Store Marvel Voiceover - Great to be working with Dis | VoiceoverGuy","75","677","Indexable",""
"https://www.voiceoverguy.co.uk/this-morning-spin-to-win-gameshow-voice","1","This Morning Spin to Win Game Show Voiceover | Guy Harris | VoiceoverGuy","72","675","Indexable",""
"https://www.voiceoverguy.co.uk/clash-of-clans-goblins-voiceover","1","Goblin Voice for Clash of Clans | Guy Harris Character Voice | VoiceoverGuy","75","669","Indexable",""
"https://www.voiceoverguy.co.uk/thomas-the-tank-engine-voice-of-salty","1","Voice of Salty – Thomas & Friends All Engines Go | Guy | VoiceoverGuy","69","626","Indexable",""
"https://www.voiceoverguy.co.uk/the-official-voice-of-santa","1","The Official Voice of Santa – Father Christmas Voiceover | VoiceoverGuy","71","648","Indexable",""
"https://www.voiceoverguy.co.uk/poundland-self-service-till-santa-voice","1","Poundland Santa Till Voiceover – Christmas Campaign | VoiceoverGuy","66","627","Indexable",""
"https://www.voiceoverguy.co.uk/qatar-drone-race-psg-voiceover","1","PSG Drone Race Football Commentary Voice | Guy Harris | VoiceoverGuy","68","645","Indexable",""
"https://www.voiceoverguy.co.uk/just-eat-uefa-football-commentator-voice","1","Football Commentator Voice for Just Eat UEFA | Guy Harris | VoiceoverGuy","72","664","Indexable",""
"https://www.voiceoverguy.co.uk/iboy-football-commentator","1","iBoy Football Commentator Voiceover | Guy Harris on Netflix | VoiceoverGuy","74","675","Indexable",""
"https://www.voiceoverguy.co.uk/etisalat-celebrating-victory-football-commentator-voice","1","Etisalat Celebrating Victory Football Commentator Voice | VoiceoverGuy","70","642","Indexable",""
"https://www.voiceoverguy.co.uk/betfred-football-commentator","1","Betfred Football Commentator - Video Character by Guy Harris | VoiceoverGuy","75","694","Indexable",""
"https://www.voiceoverguy.co.uk/wilhelm-scream-shreek-shout-sfx-voiceover-film","1","Wilhelm Scream & Shouts – Free SFX Voiceovers by Guy Harris | VoiceoverGuy","74","700","Indexable",""
"https://www.voiceoverguy.co.uk/manchester-city-football-commentry-voice","1","Manchester City Football Commentator Voice | Guy Harris | VoiceoverGuy","70","653","Indexable",""
"https://www.voiceoverguy.co.uk/evil-character-voiceover","1","Evil Voiceover – Spooky Halloween Character | Guy Harris | VoiceoverGuy","71","650","Indexable",""
"https://www.voiceoverguy.co.uk/joker-voice","1","Joker Voice – Dark Knight Style Voiceover | Guy Harris | VoiceoverGuy","69","621","Indexable",""
"https://www.voiceoverguy.co.uk/scary-movie-ghost-face-voice","1","Scream Ghost Face Voice | Scary Halloween Voice | Guy Harris | VoiceoverGuy","75","694","Indexable",""
"https://www.voiceoverguy.co.uk/spooky-halloween-laughs","1","Spooky Halloween Laughs – Free & Licensable by Guy Harris | VoiceoverGuy","72","675","Indexable",""
"https://www.voiceoverguy.co.uk/horizon-zero-dawn-voice","1","Horizon Zero Dawn Voice – Attenborough Style by Guy Harris | VoiceoverGuy","73","680","Indexable",""
"https://www.voiceoverguy.co.uk/cracking-ice-david-attenborough-impression","1","Cracking Ice - Attenborough Impression by Guy Harris | VoiceoverGuy","67","612","Indexable",""
"https://www.voiceoverguy.co.uk/turkish-bird-attenborough-voice","1","Turkish Airlines – David Attenborough Style Voice | VoiceoverGuy","64","580","Indexable",""
"https://www.voiceoverguy.co.uk/natural-instincts-trailer-attenborough-voice","1","Natural Instincts Trailer Attenborough Voice | Guy Harris | VoiceoverGuy","72","638","Indexable",""
"https://www.voiceoverguy.co.uk/dracula-voiceover-for-halloween","1","Dracula Voiceover for Halloween | Creepy, Scary Character Voice | VoiceoverGuy","78","712","Indexable",""
"https://www.voiceoverguy.co.uk/ai-guy-human-vs-ai-voiceover","1","AI Voice vs Real Voice | Human First Voiceovers – Guy Harris | VoiceoverGuy","75","680","Indexable",""
"https://www.voiceoverguy.co.uk/david-attenborough-impression","1","David Attenborough Impression | Biffa Waste Eaters | VoiceoverGuy","65","600","Indexable",""
"https://www.voiceoverguy.co.uk/saturday-night-takeaway-voice","1","Saturday Night Takeaway voice - Tour Voice of God | VoiceoverGuy","64","593","Indexable",""
"https://www.voiceoverguy.co.uk/4-music-id-mobile-sponsor-bumpers-voice","1","4 Music — ID Mobile Sponsor Bumper Voice | Guy Harris | VoiceoverGuy","68","632","Indexable",""
"https://www.voiceoverguy.co.uk/salter-blender-pro","1","Salter Blender Pro – Product Voiceover by Guy Harris | VoiceoverGuy","67","610","Indexable",""
"https://www.voiceoverguy.co.uk/gb-news-competition-voice","1","GB News Competition Voiceover – Fast, Clear Voice of God style | VoiceoverGuy","77","712","Indexable",""
"https://www.voiceoverguy.co.uk/p-and-o-ferries-christmas-santa-voice","1","Voice of Santa for P&O Ferries Christmas Campaign | VoiceoverGuy","64","602","Indexable",""
"https://www.voiceoverguy.co.uk/nakd-bars-mind-blown-professor-voice","1","Nakd Bars Professor Voice – Mind Blown VO by Guy | VoiceoverGuy","63","598","Indexable",""
"https://www.voiceoverguy.co.uk/siegecraft-commander-trailer-voice","1","Siegecraft Commander Trailer Voice - Trailer by Guy Harris | VoiceoverGuy","73","661","Indexable",""
"https://www.voiceoverguy.co.uk/boom-beach-hammerman-hot-tub-voice","1","Boom Beach Hammerman Hot Tub Voice by Guy harris | VoiceoverGuy","63","625","Indexable",""
"https://www.voiceoverguy.co.uk/cartoon-voiceover-guide","1","Cartoon Voiceover Guide: Creating memorable characters | VoiceoverGuy","69","654","Indexable",""
"https://www.voiceoverguy.co.uk/alton-towers-scarefest-spooky-voice","1","Scarefest – Spooky Halloween Voice - Alton Towers  | VoiceoverGuy","65","599","Indexable",""
"https://www.voiceoverguy.co.uk/hide-the-corpse-promo-voiceover","1","Hide the Corpse Voiceover – Patrick Stewart Meets Matt Berry | VoiceoverGuy","75","695","Indexable",""
"https://www.voiceoverguy.co.uk/pantomime-dame-voice","1","Pantomime Dame Voice - Cheeky and Saucy Dame by Guy Harris | VoiceoverGuy","73","714","Indexable",""
"https://www.voiceoverguy.co.uk/falcon-alkoholfri-attenborough-voice","1","Falcon Alkoholfri Beer Commercial | Guy Harris | VoiceoverGuy","61","555","Indexable",""
"https://www.voiceoverguy.co.uk/father-christmas-santa-voiceover","1","Father Christmas Santa Voiceover | Busiest voice of Santa | VoiceoverGuy","72","657","Indexable",""
"https://www.voiceoverguy.co.uk/vernon-kay-ultra-ultra-marathon-challenge-uk-trailer-voice","1","Vernon Kay Ultra Marathon – British Trailer Voice for BBC R2 | VoiceoverGuy","75","677","Indexable",""
"https://www.voiceoverguy.co.uk/poundland-yoda-voice","1","Poundland Yoda Voiceover – Character Voice by Guy Harris | VoiceoverGuy","71","666","Indexable",""
"https://www.voiceoverguy.co.uk/kings-road-voiceover","1","Kings Road Voiceover - Game trailer by Guy Harris | VoiceoverGuy","64","583","Indexable",""
"https://www.voiceoverguy.co.uk/vodafone-natural-voiceover","1","Vodafone Natural Voiceover | Voice over by Guy Harris | VoiceoverGuy","68","621","Indexable",""
"https://www.voiceoverguy.co.uk/wirecard-male-voice-over","1","Wirecard Explainer Voiceover – Male VO by Guy Harris | VoiceoverGuy","67","621","Indexable",""
"https://www.voiceoverguy.co.uk/war-friends-army-voice","1","War Friends Army Voice | Sargeant Major Voice | Guy Harris | VoiceoverGuy","73","667","Indexable",""
"https://www.voiceoverguy.co.uk/traxart-explainer-voiceover","1","Traxart Explainer Video Voiceover | Guy Harris | VoiceoverGuy","61","548","Indexable",""
"https://www.voiceoverguy.co.uk/dpd-predict-voice","1","DPD Predict Explainer – British Voiceover - Guy Harris | VoiceoverGuy","69","616","Indexable",""
"https://www.voiceoverguy.co.uk/cloud-voiceover","1","Cloud voiceover - Cloud computing voiced by Guy Harris | VoiceoverGuy","69","633","Indexable",""
"https://www.voiceoverguy.co.uk/pig-goes-pop-voiceover","1","Pig Goes Pop Game – Toy Voiceover by Guy Harris | VoiceoverGuy","62","589","Indexable",""
"https://www.voiceoverguy.co.uk/hill-climb-racing-2-voiceover","1","Hill Climb Racing 2 Voiceover | Game Trailers | voice of Guy | VoiceoverGuy","75","665","Indexable",""
"https://www.voiceoverguy.co.uk/tips-for-becoming-a-voiceover-actor-navigating-ai-challenges","1","Tips 4 Becoming a Voiceover Actor: Navigating AI Challenges | VoiceoverGuy","74","682","Indexable",""
"https://www.voiceoverguy.co.uk/radiator-warehouse-rock-star-voiceover","1","Radiator Warehouse Voiceover – Radiators That Rock | VoiceoverGuy","65","615","Indexable",""
"https://www.voiceoverguy.co.uk/vintage-cash-cow-voiceover","1","Vintage Cash Cow Voiceover – The Sound of Trust | VoiceoverGuy","62","588","Indexable",""
"https://www.voiceoverguy.co.uk/patrick-stewart-money-supermartket-voice","1","Patrick Stewart Impression Voice – Guy Harris Sound-a-Like | VoiceoverGuy","73","672","Indexable",""
"https://www.voiceoverguy.co.uk/13-dead-end-drive-voiceover","1","13 Dead End Drive Voice – Creepy Board Game Voiceover Style | VoiceoverGuy","74","699","Indexable",""
"https://www.voiceoverguy.co.uk/british-aqua-feeds-christmas-advert-patrick-stewart-voice","1","Christmas Ad for Aqua Feeds – Patrick Voiceover | VoiceoverGuy","62","579","Indexable",""
"https://www.voiceoverguy.co.uk/nuby-commentator-voice","1","Nuby Baby Bottle Football Commentator Voice – Guy Harris VO | VoiceoverGuy","74","699","Indexable",""
"https://www.voiceoverguy.co.uk/compare-my-wedding-voice","1","Compare My Wedding Voice - wedding comparison site | VoiceoverGuy","65","628","Indexable",""
"https://www.voiceoverguy.co.uk/micropolitics-under-14-handball-team","1","Micropolitics - Under 14 Handball Team Voiceover | VoiceoverGuy","63","583","Indexable",""
"https://www.voiceoverguy.co.uk/playmobil-pirate-voice","1","Playmobil Pirate Voice – British Male Voiceover | Guy Harris | VoiceoverGuy","75","671","Indexable",""
"https://www.voiceoverguy.co.uk/phoenixpb-explainer-video-voice","1","PhoenixPB Explainer video voice | animated videos | Guy Harr | VoiceoverGuy","75","683","Indexable",""
"https://www.voiceoverguy.co.uk/character-voices-showreel","1","Character Voices Showreel - Voiced by Guy Harris | VoiceoverGuy","63","579","Indexable",""
"https://www.voiceoverguy.co.uk/on-air-chat-with-santa","1","On-Air Santa Voice – Guy Harris in Radio Interviews & Features | VoiceoverGuy","77","696","Indexable",""
"https://www.voiceoverguy.co.uk/batelco-wifi-voice","1","Batelco WiFi Voice - Explainer Video by Guy Harris | VoiceoverGuy","65","581","Indexable",""
"https://www.voiceoverguy.co.uk/good-game-empire-trailer-voice","1","Good Game Empire Trailer Voice - Voiceover by Guy Harris | VoiceoverGuy","71","658","Indexable",""
"https://www.voiceoverguy.co.uk/craig-cash-gogglebox-voiceover","1","Craig Cash Impression for Gurubox – Gogglebox Fishing Parody | VoiceoverGuy","75","703","Indexable",""
"https://www.voiceoverguy.co.uk/voice-coaching-by-richard-di-britannia","1","Voice Coaching with Richard Di Britannia – VO Tips | VoiceoverGuy","65","592","Indexable",""
"https://www.voiceoverguy.co.uk/lumote-mastermote-chronicles-voiceover","1","Lumote Mastermote Chronicles – Attenborough Voice | Guy Harris | VoiceoverGuy","77","729","Indexable",""
"https://www.voiceoverguy.co.uk/sick-bricks-advert-voiceover","1","Sick Bricks advert voiceover | TV Advert voiced by Guy | VoiceoverGuy","69","618","Indexable",""
"https://www.voiceoverguy.co.uk/save-water","1","Save Water - Explainer Video Voiceover by Guy Harris | VoiceoverGuy","67","612","Indexable",""
"https://www.voiceoverguy.co.uk/bugs-in-kitchen-voice","1","Bugs in the Kitchen – Toy Commercial Voiceover | VoiceoverGuy","61","573","Indexable",""
"https://www.voiceoverguy.co.uk/turtle-strike-voiceover","1","Turtle Strike Voiceover - movie trailer voice - Guy Harris | VoiceoverGuy","73","632","Indexable",""
"https://www.voiceoverguy.co.uk/english-voiceover","1","British English Voiceover – Guy Harris, Trusted UK Male VO | VoiceoverGuy","73","664","Indexable",""
"https://www.voiceoverguy.co.uk/le-becks-natual-voiceover","1","Le Becks Natural Advert – British Voiceover by Guy Harris | VoiceoverGuy","72","650","Indexable",""
"https://www.voiceoverguy.co.uk/samsung-national-radio-commercial","1","Samsung NEO QLED Radio Voice – Hard Sell Campaign Voiceover | VoiceoverGuy","74","724","Indexable",""
"https://www.voiceoverguy.co.uk/halloween-voiceover","1","Halloween Voiceover Showreel - Spooky voices by Guy Harris | VoiceoverGuy","73","679","Indexable",""
"https://www.voiceoverguy.co.uk/wren-kitchens-voiceover","1","Wren Kitchens Voiceover - Viral Ad - Guy Harris | VoiceoverGuy","62","557","Indexable",""
"https://www.voiceoverguy.co.uk/top-5-films-that-use-voice-over-narration-perfectly","1","Top 5 Films that use Voice-over Narration Perfectly | VoiceoverGuy","66","594","Indexable",""
"https://www.voiceoverguy.co.uk/minecraft-backpack-patrick-stewart-style-voiceover","1","Minecraft Backpack Voice – Patrick Stewart Style | Guy | VoiceoverGuy","69","628","Indexable",""
"https://www.voiceoverguy.co.uk/nfl-cbs-sports-king-henry-voice-patrick-stewart","1","Patrick Stewart Voice for CBS & NFL | Guy Harris | VoiceoverGuy","63","569","Indexable",""
"https://www.voiceoverguy.co.uk/boom-beach-hammerman-voice","1","Boom Beach Hammerman Voice – Guy Harris Character VO | VoiceoverGuy","67","670","Indexable",""
"https://www.voiceoverguy.co.uk/professional-voice-over-vs-cheaper-alternative-voiceover","1","Professional Voice Over vs Cheaper Alternative Voiceover | VoiceoverGuy","71","654","Indexable",""
"https://www.voiceoverguy.co.uk/g-fuel-golden-apple-pear","1","G-Fuel Golden Apple Pear – Energy Voiceover by Guy Harris | VoiceoverGuy","72","667","Indexable",""
"https://www.voiceoverguy.co.uk/voice-of-santa-guy-harris","1","Voice of Santa - Guy Harris - Official Father Christmas | VoiceoverGuy","70","617","Indexable",""
"https://www.voiceoverguy.co.uk/articulate-game-voiceover","1","Articulate Board Game Voiceover – British Narrator | VoiceoverGuy","65","595","Indexable",""
"https://www.voiceoverguy.co.uk/apple-voiceover","1","Voice of Apple - iPhone 5 TV Adverts - Guy Harris | VoiceoverGuy","64","574","Indexable",""
"https://www.voiceoverguy.co.uk/horlicks-promo-voice","1","Horlicks Advert – Promo Voiceover by Guy Harris | VoiceoverGuy","62","574","Indexable",""
"https://www.voiceoverguy.co.uk/ninja-warrior-uk-fitbit-sponsor-bumpers","1","Ninja Warrior UK Fitbit Bumpers – Voiceover Promo | VoiceoverGuy","64","599","Indexable",""
"https://www.voiceoverguy.co.uk/snickers-football-commentator-voice","1","Snickers Football Commentator Voiceover – Guy Harris | VoiceoverGuy","67","631","Indexable",""
"https://www.voiceoverguy.co.uk/human-voice-over-vs-ai","1","Human Voice Overs vs AI Voice Overs: What's the Difference? | VoiceoverGuy","74","686","Indexable",""
"https://www.voiceoverguy.co.uk/turkish-airlines-football-commentator-voiceover","1","Turkish Airlines Football Commentator Voiceover | Guy Harris | VoiceoverGuy","75","685","Indexable",""
"https://www.voiceoverguy.co.uk/bank-sohar-explainer-voiceover","1","Bank Sohar Explainer Voiceover | web videos voiced by Guy | VoiceoverGuy","72","662","Indexable",""
"https://www.voiceoverguy.co.uk/renton-trainspotting-choose-life-voiceover","1","Trainspotting Voiceover – Renton “Choose Life” Parody | VoiceoverGuy","68","629","Indexable",""
"https://www.voiceoverguy.co.uk/vegan-film-voiceover","1","Vegan Film Promo – Voiceover for Plant-Based Brands | VoiceoverGuy","66","626","Indexable",""
"https://www.voiceoverguy.co.uk/kelloggs-origins-voiceover","1","Kellogg’s Origin Voiceover – Cereal Advert by Guy Harris | VoiceoverGuy","71","639","Indexable",""
"https://www.voiceoverguy.co.uk/ideal-heating-soft-male-voice","1","Ideal Heating Soft Male Voiceover – Guy Harris | VoiceoverGuy","61","557","Indexable",""
"https://www.voiceoverguy.co.uk/123-casinos-voiceover","1","123 Casinos Voiceover - Explainer video voice by Guy Harris | VoiceoverGuy","74","667","Indexable",""
"https://www.voiceoverguy.co.uk/judgment-apocalypse-survival-voice","1","Judgment Apocalypse Survival Voice | Trailer by Guy Harris | VoiceoverGuy","73","663","Indexable",""
"https://www.voiceoverguy.co.uk/european-collaboration-summit-patrick-stewart-voiceover","1","European Collaboration Summit 2021 Voiceover | Guy Harris | VoiceoverGuy","72","673","Indexable",""
"https://www.voiceoverguy.co.uk/microsoft-cloud-explainer-video","1","Microsoft Cloud Explainer Voiceover – Natural & Trusted | VoiceoverGuy","70","640","Indexable",""
"https://www.voiceoverguy.co.uk/what-is-explainer-video-voiceover","1","What Is an Explainer Video Voiceover? Answer here | VoiceoverGuy","64","595","Indexable",""
"https://www.voiceoverguy.co.uk/the-perfect-recording-studio-set-up","1","The Perfect Voiceover Recording Studio Setup Guide | VoiceoverGuy","65","607","Indexable",""
"https://www.voiceoverguy.co.uk/champion-eleven-football-commentator-voice","1","Champion Eleven Football Game – Sports VO Guy Harris | VoiceoverGuy","67","640","Indexable",""
"https://www.voiceoverguy.co.uk/on-the-tools-attenborough","1","David Attenborough Voiceover for On The Tools | Guy Harris | VoiceoverGuy","73","670","Indexable",""
"https://www.voiceoverguy.co.uk/european-collaboration-summit-tickets-voiceover","1","European Collaboration Summit 2020 Voiceover | Guy Harris | VoiceoverGuy","72","673","Indexable",""
"https://www.voiceoverguy.co.uk/michelin-cross-climate-voiceover","1","Michelin Cross Climate Tyres Explainer Video | Guy Harris | VoiceoverGuy","72","649","Indexable",""
"https://www.voiceoverguy.co.uk/morrisons-wonky-in-store-voiceovers","1","Morrisons Wonky Voiceovers – In-Store Promo VO by Guy Harris | VoiceoverGuy","75","708","Indexable",""
"https://www.voiceoverguy.co.uk/virtual-voiceover-studio-online","1","Virtual Voiceover Studio - fully-connected online studio | VoiceoverGuy","71","624","Indexable",""
"https://www.voiceoverguy.co.uk/fifa-22-goat-foat-sheffield-fc-promo-voice","1","FIFA 22 | Sheffield FC 'No GOAT Without the FOAT' Promo | VoiceoverGuy","70","652","Indexable",""
"https://www.voiceoverguy.co.uk/shooting-business-voice","1","Shooting Business Voiceover – British Narration | VoiceoverGuy","62","565","Indexable",""
"https://www.voiceoverguy.co.uk/voice-of-venom","1","Venom Voice Impression | Deep Gritty Character Voice | VoiceoverGuy","67","624","Indexable",""
"https://www.voiceoverguy.co.uk/hotels-dot-com-what-else-could-go-wrong-voiceover","1","Hotels.com Natural Voiceover – Guy Harris Explains | VoiceoverGuy","65","600","Indexable",""
"https://www.voiceoverguy.co.uk/star-wars-character-voices","1","Star Wars Character Voices - sketch by Guy Harris | VoiceoverGuy","64","582","Indexable",""
"https://www.voiceoverguy.co.uk/britains-got-talent-competition-voice","1","Dynamic Voiceover for Britain's Got Talent 2025 Competition | VoiceoverGuy","74","678","Indexable",""
"https://www.voiceoverguy.co.uk/dead-daises-promo-voice","1","Dead Daisies Promo – Rock Music Voiceover by Guy Harris | VoiceoverGuy","70","660","Indexable",""
"https://www.voiceoverguy.co.uk/pathe-news-jack-fm","1","Pathe News sketches Jack FM - Voiced by Guy Harris | VoiceoverGuy","65","611","Indexable",""
"https://www.voiceoverguy.co.uk/cbbc-pirate-week-voice","1","CBBC Pirate Week Voice - Pirate voice character by Guy Harri | VoiceoverGuy","75","682","Indexable",""
"https://www.voiceoverguy.co.uk/my-dpd-explainer-voice-over","1","MyDPD Explainer Video – Voiceover by Guy Harris | VoiceoverGuy","62","581","Indexable",""
"https://www.voiceoverguy.co.uk/voiceover-vox-award-winner-2018","1","Guy Harris – VOX Award-Winning British Voiceover Artist | VoiceoverGuy","70","644","Indexable",""
"https://www.voiceoverguy.co.uk/opel-the-future-is-everyones","1","Opel - The Future is Everyone's - Soft narration | VoiceoverGuy","63","550","Indexable",""
"https://www.voiceoverguy.co.uk/christmas-party-fireworks-santa-voice","1","Santa Voice for Fireworks & Events – Guy Harris | VoiceoverGuy","62","565","Indexable",""
"https://www.voiceoverguy.co.uk/barclaycard-fraud-fighter-tool-voiceover","1","Voiceover for Barclaycard Fraud Fighter Tool | Vocieover Guy | VoiceoverGuy","75","677","Indexable",""
"https://www.voiceoverguy.co.uk/warwings-game-trailer-voice","1","Warwings Game Trailer – Cinematic Voiceover Style | VoiceoverGuy","64","605","Indexable",""
"https://www.voiceoverguy.co.uk/bmoji-app-voiceover","1","Bmoji App Campaign – British App Voiceover by Guy Harris | VoiceoverGuy","71","662","Indexable",""
"https://www.voiceoverguy.co.uk/psycho-circus-scary-evil-voice","1","Escape: Psycho Circus Scary Evil Voice | Guy Harris | VoiceoverGuy","66","590","Indexable",""
"https://www.voiceoverguy.co.uk/thomas-the-tank-engine-voice-of-winston","1","Voice of Winston – Thomas & Friends: All Engines Go | Guy | VoiceoverGuy","72","660","Indexable",""
"https://www.voiceoverguy.co.uk/because-i-see-voiceover","1","Because I see Voiceover - Voiced by Guy Harris | VoiceoverGuy","61","555","Indexable",""
"https://www.voiceoverguy.co.uk/penarium-game-trailer-voice","1","Penarium Game Trailer – Retro Voiceover - Guy Harris | VoiceoverGuy","67","621","Indexable",""
"https://www.voiceoverguy.co.uk/rakbank-voiceover","1","Rakbank Voiceover | Explainer video voices | by Guy Harris | VoiceoverGuy","73","653","Indexable",""
"https://www.voiceoverguy.co.uk/breda-university-of-applied-sciences-voice","1","Breda University of Applied Sciences Voiceover | Guy Harris | VoiceoverGuy","74","665","Indexable",""
"https://www.voiceoverguy.co.uk/unesco-water-voiceover","1","UNESCO Voiceover – Where Is Water? by Guy Harris | VoiceoverGuy","63","601","Indexable",""
"https://www.voiceoverguy.co.uk/doggie-doo-voice-over","1","Doggie Doo Voice Over | UK TV Advert by Guy Harris | VoiceoverGuy","65","600","Indexable",""
"https://www.voiceoverguy.co.uk/big-super-hero-voiceover","1","That Big American Super Hero Voiceover - Guy Harris | VoiceoverGuy","66","611","Indexable",""
"https://www.voiceoverguy.co.uk/reset-app-voice","1","The Reset App - TV advert voiced by Guy Harris | VoiceoverGuy","61","557","Indexable",""
"https://www.voiceoverguy.co.uk/pop-up-pirate-voiceover","1","Pop up Pirate Voiceover | Need a Vader voice? | by Guy Harri | VoiceoverGuy","75","673","Indexable",""
"https://www.voiceoverguy.co.uk/lego-minifigures-pirate","1","Lego Minifigures Pirate - voiced by Guy Harris | VoiceoverGuy","61","543","Indexable",""
"https://www.voiceoverguy.co.uk/guide-to-regional-english-accents","1","Regional English Accent Guide – Voiceover Artist Tips | VoiceoverGuy","68","617","Indexable",""
"https://www.voiceoverguy.co.uk/yorkshire-podcast-studio","1","Yorkshire Podcast Studio – Professional Recording Space | VoiceoverGuy","70","651","Indexable",""
"https://www.voiceoverguy.co.uk/sage-one-payroll-voiceover","1","Sage One Payroll Voiceover - Voices by Guy Harris | VoiceoverGuy","64","583","Indexable",""
"https://www.voiceoverguy.co.uk/best-male-voiceover","1","Best Male Voiceover - Winner at Vox Awards 2014 | VoiceoverGuy","62","583","Indexable",""
"https://www.voiceoverguy.co.uk/zalando-voiceover","1","Zalando Advert Voiceover – Commercial by Guy Harris | VoiceoverGuy","66","623","Indexable",""
"https://www.voiceoverguy.co.uk/the-escapists-game-trailer","1","The Escapists Game Trailer - Voiced by Guy Harris | VoiceoverGuy","64","584","Indexable",""
"https://www.voiceoverguy.co.uk/marvel-spiderman-voiceover","1","Marvel Spiderman Voiceover | Kids fancy dress costumes  | VoiceoverGuy","70","649","Indexable",""
"https://www.voiceoverguy.co.uk/marvel-superheroes-voiceover","1","Marvel Superheroes Voiceover | Kids Toys TV Advert | by Guy  | VoiceoverGuy","75","680","Indexable",""
"https://www.voiceoverguy.co.uk/voice-over-videos-animals","1","Voiceover for Animal Videos – Natural, Fun, Warm Delivery | VoiceoverGuy","72","661","Indexable",""
"https://www.voiceoverguy.co.uk/fruitella-voiceover","1","Fruitella Voiceover - The TV Adverts 2014 - Guy Harris | VoiceoverGuy","69","617","Indexable",""
"https://www.voiceoverguy.co.uk/change-challenge-gameshow-voice","1","Change Challenge Gameshow Voice | Character voice | Guy Harr | VoiceoverGuy","75","709","Indexable",""
"https://www.voiceoverguy.co.uk/northern-gas-advert","1","Northern Gas Advert - Gameshow voice by Guy Harris | VoiceoverGuy","65","613","Indexable",""
"https://www.voiceoverguy.co.uk/rise-project-explainer-video-voiceover","1","Rise Project Explainer Video Voiceover - Voice by Guy Harris | VoiceoverGuy","75","671","Indexable",""
"https://www.voiceoverguy.co.uk/gibtelecom-voiceover","1","Gibtelecom Commercial Voiceover - Guy – Trusted UK VO | VoiceoverGuy","68","654","Indexable",""
"https://www.voiceoverguy.co.uk/virgin-holidays-voice","1","Virgin Holidays Voice - Tennessee voiced by Guy Harris | VoiceoverGuy","69","626","Indexable",""
"https://www.voiceoverguy.co.uk/domino-express-voice-over","1","Domino Express voiceover - Kids Toys TV Advert Voice | VoiceoverGuy","67","624","Indexable",""
"https://www.voiceoverguy.co.uk/homepage-showreel-voiceover","1","Homepage Showreel Voiceover - Explainer by Guy Harris | VoiceoverGuy","68","639","Indexable",""
"https://www.voiceoverguy.co.uk/european-collaboration-summit-patrick-stewart-voice","1","Patrick Stewart Voice for the European Collaboration Summit  | VoiceoverGuy","75","684","Indexable",""
"https://www.voiceoverguy.co.uk/ai","1","AI Voices vs Human Voiceovers | Why Humans Still Win | VoiceoverGuy","67","631","Indexable",""
"https://www.voiceoverguy.co.uk/eze-group-explainer-voice","1","Eze Group Explainer Voice - Voice by Guy Harris | VoiceoverGuy","62","560","Indexable",""
"https://www.voiceoverguy.co.uk/five-tips-to-improve-your-radio-voice","1","Radio Voiceover: Five tips to improve your radio voice | VoiceoverGuy","69","613","Indexable",""
"https://www.voiceoverguy.co.uk/mmx-hill-climb-trailer-voiceover","1","MMX Hill Climb Trailer Voiceover - Voiced by Guy Harris | VoiceoverGuy","70","633","Indexable",""
"https://www.voiceoverguy.co.uk/guide-to-becoming-a-voiceover-artist","1","How to Become a Voiceover Artist – Starter’s Guide | VoiceoverGuy","65","599","Indexable",""
"https://www.voiceoverguy.co.uk/spiderman-car-voiceover","1","Spiderman car Voiceover - Smyths Toys - Guy Harris | VoiceoverGuy","65","601","Indexable",""
"https://www.voiceoverguy.co.uk/vegetarian-society","1","Vegetarian society - Explainer Voiceovers by Guy Harris | VoiceoverGuy","70","629","Indexable",""
"https://www.voiceoverguy.co.uk/girafun-voiceover","1","Girafun Voiceover | Kids Toys TV Adverts | voice of Guy | VoiceoverGuy","70","627","Indexable",""
"https://www.voiceoverguy.co.uk/viva-bahrain-voiceover","1","VIVA Bahrain Voiceover - English product video | VoiceoverGuy","61","555","Indexable",""
"https://www.voiceoverguy.co.uk/penarium-opening-credits","1","Penarium Opening Credits - Voice of Guy Harris | VoiceoverGuy","61","560","Indexable",""
"https://www.voiceoverguy.co.uk/welsh-accent-voiceover","1","Welsh Accent Voiceover – Authentic, Friendly, Versatile VO | VoiceoverGuy","73","663","Indexable",""
"https://www.voiceoverguy.co.uk/euroseal-windows-tv-advert","1","EuroSeal Windows TV advert Voiceover - Guy Harris | VoiceoverGuy","64","598","Indexable",""
"https://www.voiceoverguy.co.uk/cities-talking-explainer-voiceover","1","Cities Talking Explainer Voiceover - Voiced by Guy Harris | VoiceoverGuy","72","640","Indexable",""
"https://www.voiceoverguy.co.uk/michael-caine-voiceover","1","Michael Caine impression - voiceover by Guy Harris | VoiceoverGuy","65","593","Indexable",""
"https://www.voiceoverguy.co.uk/rac-car-passport-voiceover","1","RAC Car Passport Voiceover - Voiced by Guy Harris | VoiceoverGuy","64","591","Indexable",""
"https://www.voiceoverguy.co.uk/find-locksmith-app-voiceover","1","Find Locksmith App Voiceover - Explainer voice Guy Harris | VoiceoverGuy","72","656","Indexable",""
"https://www.voiceoverguy.co.uk/questions-about-voiceover-agencies","1","Common Questions About Voiceover Agencies Answered | VoiceoverGuy","65","648","Indexable",""
"https://www.voiceoverguy.co.uk/dragon-city-voiceover","1","Dragon City Promo Voiceover – Guy Harris Reads | VoiceoverGuy","61","576","Indexable",""
"https://www.voiceoverguy.co.uk/world-of-warships-tutorial-voice","1","World of Warships Voiceover – British Style - Guy Harris | VoiceoverGuy","71","633","Indexable",""
"https://www.voiceoverguy.co.uk/draw-slasher-voice","1","Draw Slasher Game Voiceover – Trailer & Characters | VoiceoverGuy","65","610","Indexable",""
"https://www.voiceoverguy.co.uk/this-war-of-mine-trailer-voiceover","1","This War of Mine Trailer – Dark Game Voiceover | VoiceoverGuy","61","569","Indexable",""
"https://www.voiceoverguy.co.uk/vadda-mera-govind-patrick-stewart-narrator-voiceover","1","Vadda Mera Govind - Epic Patrick Stewart Voice | Guy Harris | VoiceoverGuy","74","672","Indexable",""
"https://www.voiceoverguy.co.uk/viva-cinema-voiceover","1","Viva Cinema Voiceover - Voice Over by Guy Harris | VoiceoverGuy","63","581","Indexable",""
"https://www.voiceoverguy.co.uk/lifeless-game-trailer-voice","1","Lifeless Game Trailer Voice | Sargeant Major Voice | | VoiceoverGuy","67","602","Indexable",""
"https://www.voiceoverguy.co.uk/robocide-game-trailer-voice","1","Robocide Game Trailer – Sci-Fi Voiceover - Guy Harris | VoiceoverGuy","68","617","Indexable",""
"https://www.voiceoverguy.co.uk/dead-daises-album-promo","1","Dead Daises Album Promo - voiced by Guy Harris | VoiceoverGuy","61","574","Indexable",""
"https://www.voiceoverguy.co.uk/farm-heroes-saga-voiceover","1","Farm Heroes Saga – Energetic Voiceover by Guy Harris | VoiceoverGuy","67","628","Indexable",""
"https://www.voiceoverguy.co.uk/winterstate-trailer-voice","1","Winterstate Trailer Voice | Game Trailer | Guy Harris | VoiceoverGuy","68","601","Indexable",""
"https://www.voiceoverguy.co.uk/ariel-pods-voiceover","1","Ariel Pods Explainer Video Voiceover | Guy Harris | VoiceoverGuy","64","574","Indexable",""
"https://www.voiceoverguy.co.uk/greedy-granny-tv-commercial","1","Greedy Granny TV Commercial | Hushed voice | Guy Harris | VoiceoverGuy","70","656","Indexable",""
"https://www.voiceoverguy.co.uk/worms-wmd-character-voices","1","Worms WMD Character Voices - Voice Acting - Guy Harris | VoiceoverGuy","69","650","Indexable",""
"https://www.voiceoverguy.co.uk/my-corporate-video-voice","1","Corporate Video Voiceover by British Artist Guy Harris | VoiceoverGuy","69","616","Indexable",""
"https://www.voiceoverguy.co.uk/pathe-news-voiceover","1","Pathe News Voiceover – 1940s Style by Guy Harris | VoiceoverGuy","63","589","Indexable",""
"https://www.voiceoverguy.co.uk/tente-explainer-voiceover","1","TENTE Explainer – Product Video Voiceover by Guy Harris | VoiceoverGuy","70","651","Indexable",""
